Term,Df,SumOfSqs,R2,F,Pr(>F)
Model,1,0.2650022677011495,0.23168902924529078,1.2062252815039378,0.2
Residual,4,0.8787820045381278,0.7683109707547094,NA,NA
Total,5,1.143784272239277,1,NA,NA
